Q,A,A_model
Que pessoas jurídicas estão desobrigadas de apresentar a ECF?,"Estão desobrigadas de apresentar a ECF: I - as pessoas jurídicas optantes pelo Regime Especial Unificado de Arrecadação de Tributos e Contribuições devidos pelas Microempresas e Empresas de Pequeno Porte, instituído pela Lei Complementar nº 123, de 14 de dezembro de 2006 (Simples Nacional), por estarem obrigadas à apresentação de Declaração Anual do Simples Nacional - DASN; II - os órgãos públicos, as autarquias e as fundações públicas; e III - as pessoas jurídicas inativas, assim consideradas aquelas que não tenham efetuado qualquer atividade operacional, não operacional, patrimonial ou financeira, inclusive aplicação no mercado financeiro ou de capitais, durante todo o ano-calendário, as quais deverão cumprir as obrigações acessórias previstas na legislação específica.","As pessoas jurídicas optantes pelo Simples Nacional, os órgãos públicos, as autarquias, as fundações públicas e as pessoas jurídicas inativas estão desobrigadas de apresentar a ECF."
Quais os efeitos tributários no caso de a ECF retificadora apresentar valores a  título de IRPJ e de CSLL diferentes daqueles inicialmente apresentados na ECF  retificada?,"Quando a retificação da ECF apresentar imposto maior que o da ECF retificada, a diferença apurada será devida com os acréscimos correspondentes. Quando a retificação da ECF apresentar imposto menor que o da ECF retificada, a diferença apurada, desde que paga, poderá ser compensada ou restituída. Sobre o montante a ser compensado ou restituído incidirão juros equivalentes à taxa referencial do Sistema Especial de Liquidação e Custódia (Selic), acumulados até o mês anterior ao da restituição ou compensação, adicionado de 1% (um por cento) no mês da restituição ou compensação.","A questão apresentada não está diretamente relacionada com o artigo 148 fornecido. No entanto, em geral, se a ECF (Escrituração Contábil Fiscal) retificadora apresentar valores diferentes para IRPJ (Imposto de Renda da Pessoa Jurídica) e CSLL (Contribuição Social sobre o Lucro Líquido) do que os inicialmente declarados, pode haver consequências tributárias. Isso pode resultar em ajustes nos valores devidos, possíveis multas por declaração incorreta e a necessidade de recálculo dos juros de mora, se aplicável. Além disso, essas alterações podem afetar o direito à restituição ou reembolso de tributos, conforme descrito no artigo 148."
A isenção do IRPJ depende de prévio reconhecimento pela Secretaria Especial da  Receita Federal do Brasil?,Não. O benefício da isenção do IRPJ independe do prévio reconhecimento pela Secretaria Especial da Receita Federal do Brasil.,"Não, as isenções não dependem de reconhecimento prévio, exceto na hipótese prevista no art. 187, onde a isenção será reconhecida pela Secretaria da Receita Federal do Brasil do Ministério da Fazenda."
Quais as hipóteses em que a pessoa física é equiparada à pessoa jurídica?,"Para os efeitos do imposto de renda, as pessoas físicas caracterizadas como empresa individual estão equiparadas à pessoa jurídica. A legislação do imposto de renda caracteriza como empresa individual a pessoa física que: a) em nome individual, explorem, habitual e profissionalmente, qualquer atividade econômica de natureza civil ou comercial, com o fim especulativo de lucro, mediante venda a terceiro de bens ou serviços, quer se encontrem regularmente inscritas ou não junto ao órgão do Registro de Comércio ou Registro Civil; b) promoverem a incorporação de prédios em condomínio ou loteamento de terrenos.","As pessoas físicas são equiparadas a pessoas jurídicas quando:

I - São constituídas na forma estabelecida no art. 966 ao art. 969 da Lei nº 10.406, de 2002 - Código Civil;

II - Explorem, habitual e profissionalmente, qualquer atividade econômica de natureza civil ou comercial, com o fim especulativo de lucro, por meio da venda a terceiros de bens ou serviços;

III - Promovam a incorporação de prédios em condomínio ou loteamento de terrenos, nos termos estabelecidos na Seção II deste Capítulo.

No entanto, esta equiparação não se aplica às pessoas físicas que individualmente exerçam as profissões ou atividades como médico, engenheiro, advogado, dentista, veterinário, professor, economista, contador, jornalista, pintor, escritor, escultor e outras assemelhadas; profissões, ocupações e prestação de serviços não comerciais; agentes, representantes e outras pessoas sem vínculo empregatício que, ao tomar parte em atos de comércio, não os pratiquem por conta própria; serventuários da Justiça, como tabeliães, notários, oficiais públicos, entre outros; corretores, leiloeiros e despachantes, seus prepostos e seus adjuntos; exploração individual de contratos de empreitada unicamente de lavor, de qualquer natureza; exploração de obras artísticas, didáticas, científicas, urbanísticas, projetos técnicos de construção, instalações ou equipamentos, exceto quando não explorados diretamente pelo autor ou pelo criador do bem ou da obra."
Os condôminos na propriedade de imóveis estão sujeitos à equiparação como  pessoa jurídica?,"Os condomínios na propriedade de imóveis não são considerados sociedades em comum (antiga sociedade de fato), ainda que deles também façam parte pessoas jurídicas. Assim, a cada condômino pessoa física serão aplicados os critérios de caracterização da empresa individual e demais dispositivo legais, como se ele fosse o único titular da operação imobiliária, nos limites da sua participação.","Não, os condôminos na propriedade de imóveis não são considerados como pessoa jurídica. Eles são tratados como se fossem titulares individuais da operação imobiliária, nos limites de sua participação."
Em que data se considera ocorrida a aquisição ou alienação e quais as condições  para que seja aceita?,"Considera-se data da aquisição ou alienação aquela em que for celebrado o contrato inicial, ainda que mediante instrumento particular. Caso a transmissão se opere por meio de instrumento particular, a data de aquisição ou alienação constante no respectivo instrumento, se favorável aos interesses da pessoa física, somente será aceita pela autoridade fiscal quando atendida pelo menos uma das seguintes condições: a) o instrumento particular tiver sido registrado no Cartório do Registro Imobiliário, ou no de Títulos e Documentos, no prazo de 30 (trinta) dias, contados da data nele constante; b) houver conformidade com cheque nominativo pago dentro do prazo de 30 (trinta) dias, contados da data do instrumento; c) houver conformidade com lançamentos contábeis da pessoa jurídica, atendidos os preceitos para escrituração em vigor; d) houver menção expressa da operação nas declarações de bens da parte interessada, apresentadas tempestivamente à repartição competente, juntamente com as declarações de rendimentos. 47","A data de aquisição ou alienação de um imóvel é considerada aquela em que o contrato inicial da operação imobiliária é celebrado, mesmo que através de um instrumento particular. Para que a data constante em um instrumento particular seja aceita, deve-se atender a pelo menos uma das seguintes condições: o instrumento deve ter sido registrado no Registro Imobiliário ou no Registro de Títulos e Documentos no prazo de trinta dias a contar da data nele constante; deve haver conformidade com cheque nominativo pago no prazo de trinta dias a contar da data do instrumento; deve haver conformidade com lançamentos contábeis da pessoa jurídica, respeitando os preceitos para escrituração em vigor; ou deve haver menção expressa à operação nas declarações de bens da parte interessada, apresentadas oportunamente à repartição competente, juntamente com as declarações de rendimentos."
"Qual o quantitativo de operações imobiliárias necessário para equiparação de  pessoa física à pessoa jurídica, determinando o início da tributação como pessoa  jurídica?","A equiparação que leva em conta o quantitativo de unidades imobiliárias ocorre quando o proprietário ou titular de terreno, sem efetuar o arquivamento dos documentos de incorporação no Registro de Imóveis, promover a construção de prédio com mais de 2 (duas) unidades imobiliárias, ou realizar loteamento. Tal equiparação se dará a partir da alienação da primeira unidade imobiliária ou do primeiro lote antes de decorrido o prazo de 60 (sessenta) meses contados da averbação, no Registro Imobiliário, da construção do prédio ou da aceitação das obras de loteamento. Para terrenos adquiridos até 30 de junho de 1977 o prazo é de 36 (trinta e seis) meses.","A equiparação de uma pessoa física à pessoa jurídica, para fins de tributação, ocorre quando o indivíduo promove a construção de um prédio com mais de duas unidades imobiliárias ou executa um loteamento e inicia a venda das unidades antes do prazo de sessenta meses, contado da data da averbação no Registro Imobiliário."
"Em caso de alteração das normas em vigor que disciplinam a prática de  operações imobiliárias por pessoas físicas, qual a legislação que deverá  prevalecer?","Ocorrendo alteração da legislação, a equiparação será determinada de acordo com as normas legais e regulamentares em vigor na data do instrumento inicial de alienação das unidades imobiliárias ou lotes de terreno (nos casos de incorporações ou loteamentos irregulares), ou do arquivamento dos documentos da incorporação ou do loteamento, quando regulares. A posterior alteração dessas normas não atingirá as operações imobiliárias já realizadas nem os empreendimentos cuja documentação já tenha sido arquivada no Registro Imobiliário.","A legislação que prevalecerá será aquela que estava em vigor na data do instrumento inicial de alienação do imóvel, do arquivamento dos documentos da incorporação ou do loteamento. As alterações posteriores nas normas não afetarão as operações imobiliárias já realizadas ou os empreendimentos cuja documentação já tenha sido arquivada no Registro Imobiliário."
O lucro apurado periodicamente pela pessoa física equiparada à pessoa jurídica  em razão de operações com imóveis pode ser mantido como lucros suspensos  na escrituração da pessoa jurídica?,"Não. Esse lucro, após a dedução da provisão para pagamento do IRPJ, sempre será considerado como automaticamente distribuído no período de apuração em que for apurado.","Não, o lucro apurado pela pessoa física equiparada a empresa individual em razão de operações imobiliárias não pode ser mantido como lucros suspensos na escrituração, pois é considerado automaticamente distribuído no período de apuração. Além disso, a partir de 1º de janeiro de 1996, esses lucros não são mais sujeitos à incidência do imposto sobre a renda na fonte, nem integram a base de cálculo do imposto sobre a renda do titular da empresa individual."
Quando se considera ocorrido o término da equiparação caso a pessoa jurídica  não efetue nenhuma alienação das unidades imobiliárias ou lotes de terreno?,"A pessoa física que, após sua equiparação à pessoa jurídica, não promover nenhum dos empreendimentos nem efetuar nenhuma das alienações de unidades imobiliárias ou lotes de terrenos, durante o prazo de 36 (trinta e seis) meses consecutivos, deixará de ser considerada equiparada a partir do término deste prazo, salvo quanto aos efeitos tributários das operações em andamento que terão o tratamento previsto no art. 177, § 1º, do RIR/2018.","A pessoa física deixará de ser considerada equiparada a pessoa jurídica a partir do término de um prazo de trinta e seis meses consecutivos, caso durante este período não promova nenhum empreendimento nem efetue nenhuma alienação de unidades imobiliárias ou lotes de terreno."
"Qual o destino a ser dado aos imóveis integrantes do ativo (patrimônio) da  empresa individual quando, completado o prazo de 36 (trinta e seis) meses  consecutivos sem promover incorporações ou loteamentos, ocorrer o término  da equiparação à pessoa jurídica?","Permanecerão no ativo da empresa individual, para efeito de tributação como lucro da pessoa jurídica: a) as unidades imobiliárias e os lotes de terrenos integrantes de incorporações ou loteamentos, até sua alienação e, após esta, o saldo a receber, até o recebimento total do preço; b) o saldo a receber do preço dos imóveis então alienados, até seu recebimento total.",As unidades imobiliárias e os lotes de terrenos integrantes de incorporações ou loteamentos permanecerão no ativo da empresa individual até sua alienação e o recebimento total do preço. O saldo a receber do preço de imóveis já alienados também permanecerá até seu recebimento total.
Como determinar o capital da empresa individual no caso de pessoa física  equiparada por prática de operações imobiliárias?,"O capital da empresa individual, no início de cada período de apuração (trimestral ou anual), será representado pela soma dos valores dos imóveis constantes do seu ativo com os valores a receber relativos ao custo dos imóveis já vendidos em períodos de apuração anteriores.","Os recursos realmente investidos pela pessoa física, titular da empresa individual, em qualquer momento, nos imóveis mencionados, juntamente com a correção monetária prevista, formam o capital da empresa individual no início de cada exercício. Isso é considerado para determinar a manutenção do capital de giro, que é dedutível do lucro tributável. Além disso, os custos do terreno, das construções e benfeitorias, desde o momento do pagamento até a data da equiparação, podem ser corrigidos monetariamente para determinar o valor de incorporação ao patrimônio da empresa individual."
O que é cisão de uma sociedade?,"A cisão é a operação pela qual a sociedade transfere todo ou somente uma parcela do seu patrimônio para uma ou mais sociedades, constituídas para esse fim ou já existentes, extinguindo-se a sociedade cindida, se houver versão de todo o seu patrimônio, ou dividindo-se o seu capital, se parcial a versão.","A cisão de uma sociedade é a operação na qual a empresa transfere partes do seu patrimônio para uma ou mais outras sociedades, que podem ser criadas especificamente para este fim ou já existentes. Se todo o patrimônio é transferido, a empresa original é extinta. Se apenas uma parte do patrimônio é transferida, o capital da empresa original é dividido. As novas empresas que recebem partes do patrimônio assumem os direitos e obrigações da empresa original, proporcionais ao patrimônio líquido transferido."
Como proceder com relação à sociedade cindida?,"Efetivada a cisão com extinção da sociedade cindida, caberá aos administradores das sociedades que tiverem absorvido parcelas do seu patrimônio promover o arquivamento e a publicação dos atos da operação. Na cisão com versão parcial do patrimônio esta obrigação caberá aos administradores da companhia cindida e da que absorver parcela do seu patrimônio.","Na cisão de uma sociedade, se houver versão de todo o seu patrimônio, a companhia cindida será extinta. Neste caso, as sociedades que absorverem parcelas do patrimônio da companhia cindida sucederão a esta, na proporção dos patrimônios líquidos transferidos, nos direitos e obrigações não relacionados. Se a versão for parcial do patrimônio, a companhia cindida continuará existindo com seu capital dividido. Após a cisão com extinção da companhia cindida, cabe aos administradores das sociedades que absorveram parcelas do seu patrimônio promover o arquivamento e publicação dos atos da operação."
Quais são os contribuintes do imposto de renda da pessoa jurídica?,"São contribuintes e, portanto, estão sujeitas ao pagamento do imposto de renda da pessoa jurídica as pessoas jurídicas e as pessoas físicas a elas equiparadas, domiciliadas no País.","Os contribuintes do imposto de renda da pessoa jurídica são as pessoas jurídicas e as empresas individuais. Isso inclui entidades em regimes de liquidação extrajudicial e de falência, empresas públicas, sociedades de economia mista e suas subsidiárias, sociedades cooperativas de consumo que tenham por objeto a compra e o fornecimento de bens aos consumidores, e o fundo de investimento imobiliário."
O que são “despesas incorridas”?,"Despesas incorridas são aquelas de competência do período de apuração, relativas a bens empregados ou a serviços consumidos nas transações ou operações exigidas pela atividade da empresa, tenham sido pagas ou não. De acordo com o PN CST nº 58, de 1977, a obrigação de pagar determinada despesa (enquadrável como operacional) nasce quando, em face da relação jurídica que lhe deu causa, já se verificaram todos os pressupostos materiais que a tornaram incondicional, vale dizer, exigível independentemente de qualquer prestação por parte do respectivo credor. Despesas incorridas são, portanto, aquelas decorrentes de bens empregados ou de serviços consumidos nas transações ou operações exigidas pela atividade da empresa, em relação às quais já tenha nascido a obrigação correspondente, ainda que o respectivo pagamento venha a ocorrer em período subsequente.","As ""despesas incorridas"" são aquelas para as quais, embora já tenha nascido a obrigação de pagamento, o momento ajustado para o pagamento, seu vencimento ou outra circunstância, determina que o pagamento ocorra em um exercício subsequente."
Quais são os gastos com a implantação de uma indústria que deverão ser  considerados como “despesas pré-operacionais”?,"Todas as despesas necessárias à organização e implantação ou ampliação de empresas, inclusive aquelas de cunho administrativo, pagas ou incorridas até o início de suas operações ou plena utilização das instalações, são pré-operacionais ou pré-industriais. A empresa deverá imobilizar as aquisições de bens e direitos, classificáveis no ativo permanente, e lançar em despesas pré-operacionais as despesas, respeitando, sempre, as condições gerais de dedutibilidade e os limites estabelecidos pela legislação tributária, já que estes limites são válidos tanto para as despesas operacionais quanto para as pré-operacionais.","As despesas pré-operacionais ou pré-industriais referem-se aos dispêndios de organização necessários e anteriores ao começo das atividades da empresa, bem como os posteriormente exigidos na expansão de empreendimentos industriais. Isso inclui despesas administrativas e outras despesas correlatas à implantação da fábrica antes do início de suas operações. Essas despesas devem ser contabilizadas de acordo com o estabelecido no Parecer Normativo CST nº 364/71."
Como as empresas não imobiliárias devem classificar a conta representativa de  “construções em andamento”?,"Para as empresas que não explorem a atividade imobiliária, as aplicações que representem construções em andamento devem ser classificadas em conta do ativo permanente (imobilizado). No caso de empreendimento que envolva a construção de bens de naturezas diversas, a empresa deverá fazer a distribuição contábil dos acréscimos de maneira a permitir, ao término da construção, a correta identificação de cada bem, segundo sua natureza e as taxas anuais de depreciação a eles aplicáveis.","As empresas não imobiliárias devem classificar a conta representativa de ""construções em andamento"" no imobilizado, de acordo com o disposto no artigo 179, inciso IV, da Lei nº 6.404, de 15 de dezembro de 1976, e com a interpretação dada pelo Parecer Normativo CST nº 108/78."
Como deverão ser tratados os reajustes posteriores à época do recebimento do  bem adquirido por meio de consórcio?,"As variações do saldo devedor que ocorrerem no futuro, decorrentes da modificação no valor das prestações, serão refletidas nas contas que registram a obrigação, sendo sua contrapartida considerada como variação monetária passiva (ou ativa).","As variações do saldo devedor que ocorrerem no futuro, devido a alterações no valor das prestações, serão refletidas na conta que registra a obrigação. Essas variações serão consideradas como variação monetária ativa ou passiva, de acordo com o caso."
"Quando devem ser baixados os bens obsoletos, constantes do Ativo Imobilizado  da pessoa jurídica?","Quaisquer bens constantes do ativo imobilizado da pessoa jurídica, quer estejam totalmente depreciados ou não, somente podem ser baixados da contabilidade e do controle patrimonial concomitantemente à efetiva baixa física do bem.","Os bens obsoletos, constantes do Ativo Imobilizado da pessoa jurídica, devem ser baixados quando se tornam imprestáveis antes do prazo estimado, em virtude de fatores não previsíveis, como obsolescência excepcional, caso fortuito ou força maior. A baixa contábil deve ocorrer concomitantemente à baixa física do bem, ou seja, com sua efetiva saída do patrimônio da empresa."
"Quais as alíquotas aplicáveis sobre o lucro, para determinar o imposto de renda  devido pela pessoa jurídica em cada período de apuração?","A partir do ano-calendário de 1996, as pessoas jurídicas, independentemente da forma de constituição e da natureza da atividade exercida, passaram a pagar o imposto de renda à alíquota de quinze por cento, incidente sobre a base de cálculo apurada na forma do lucro real, presumido ou arbitrado.","A alíquota do imposto de renda para pessoas jurídicas é de quinze por cento. No entanto, para a parcela do lucro real, presumido ou arbitrado que exceder o valor resultante da multiplicação de vinte mil reais pelo número de meses do respectivo período de apuração, há uma alíquota adicional de dez por cento."
Quando se considera devido o adicional do IRPJ e qual a alíquota aplicável no  seu cálculo?,"Sobre a parcela do lucro real, presumido ou arbitrado que exceder o valor resultante da multiplicação de R$ 20.000,00 (vinte mil reais) pelo número de meses do respectivo período de apuração, o adicional incidirá à alíquota de dez por cento. Aplica-se esse adicional, inclusive, na exploração da atividade rural e, também, nas hipóteses de incorporação, fusão e cisão.","O adicional do Imposto sobre a Renda das Pessoas Jurídicas (IRPJ) é devido quando a parcela da base de cálculo, apurada mensalmente, excede R$ 20.000,00. A alíquota aplicável no cálculo desse adicional é de dez por cento."
O que se deve considerar como ajustes de exercícios (períodos) anteriores?,"Como ajustes de exercícios (períodos) anteriores serão consideradas apenas as regularizações decorrentes de efeitos de mudança de critério contábil, ou de retificação de erro imputável a determinado período anterior, e que não possam ser atribuídas a fatos subsequentes.","Os ajustes de exercícios anteriores devem ser considerados como os efeitos da mudança de critério contábil ou da correção de erros atribuíveis a um período anterior específico, e que não podem ser associados a eventos subsequentes."
O que são descontos incondicionais?,"Somente são consideradas, como descontos incondicionais, as parcelas redutoras do preço de vendas, quando constarem da nota fiscal de venda dos bens ou da fatura de serviços e não dependerem, para sua concessão, de evento posterior à emissão desses documentos.","Descontos incondicionais são parcelas que reduzem o preço de venda, sendo estas constantes na nota fiscal de venda dos bens ou na fatura de serviços e não dependem de evento posterior à emissão desses documentos."
O que se considera sistema de contabilidade de custo integrado e coordenado  com o restante da escrituração?,"Considera-se sistema de contabilidade de custo integrado e coordenado com o restante da escrituração aquele: a) apoiado em valores originados da escrituração contábil (matéria-prima, mão-de-obra direta, custos gerais de fabricação); b) que permite a determinação contábil, ao fim de cada mês, do valor dos estoques de matérias-primas e outros materiais, produtos em elaboração e produtos acabados; c) apoiado em livros auxiliares, fichas, folhas contínuas, ou mapas de apropriação ou rateio, tidos em boa guarda e de registros coincidentes com aqueles constantes da escrituração principal; e d) que permita avaliar os estoques existentes na data de encerramento do período de apropriação de resultados de acordo com os custos efetivamente incorridos.","Um sistema de contabilidade de custo integrado e coordenado com o restante da escrituração é aquele que se baseia em valores originados da escrituração, como matéria-prima, mão de obra direta e custos gerais de fabricação. Ele permite a determinação contábil, ao fim de cada mês, do valor dos estoques de matérias-primas, produtos em elaboração e produtos acabados. Este sistema também se apoia em livros auxiliares, fichas, folhas contínuas ou mapas de apropriação ou rateio, mantidos em boa guarda e com registros coincidentes com os da escrituração principal. Além disso, permite avaliar os estoques existentes na data de encerramento do período de apropriação de resultados de acordo com os custos efetivamente incorridos."
"Podem ser consideradas, como custo ou despesa operacional, as aquisições, por  empresas que exploram serviços de hotelaria, restaurantes e similares, de  guarnições de cama, mesa e banho, e louças?","Sim. Poderá ser computado, como custo ou despesa operacional, o valor da aquisição de guarnições de cama, mesa e banho, e louça, utilizadas por empresas que exploram serviços de hotelaria, restaurantes e atividades similares.","Sim, as aquisições de guarnições de cama, mesa e banho, e louças, por empresas que exploram serviços de hotelaria, restaurantes e atividades similares, podem ser consideradas como custo ou despesa operacional."
"Como deverão ser consideradas as diferenças decorrentes de alterações na taxa  de câmbio ocorridas entre a data do fechamento do contrato de câmbio e a data  de embarque, para efeito de registro da receita bruta de vendas nas exportações  de produtos manufaturados nacionais?","As diferenças decorrentes de alterações na taxa de câmbio ocorridas entre a data do fechamento do contrato de câmbio e a data do embarque devem ser consideradas como variações monetárias ativas ou passivas, conforme o caso.","As diferenças decorrentes de alteração na taxa de câmbio, ocorridas entre a data do fechamento do contrato de câmbio e a data do embarque, serão consideradas como variações monetárias passivas ou ativas."
"Em que consiste a exaustão, em termos contábeis?","Exaurir significa esgotar completamente. Em termos contábeis, a exaustão se relaciona com a perda de valor dos bens ou direitos do ativo, ao longo do tempo, decorrentes de sua exploração (extração ou aproveitamento).","A exaustão, em termos contábeis, corresponde à perda do valor, decorrente da sua exploração, de direitos cujo objeto sejam recursos minerais ou florestais, ou bens aplicados nessa exploração."
Como os direitos sujeitos à exaustão serão apresentados no balanço?,"No balanço, os direitos serão classificados no ativo imobilizado e deverão ser avaliados pelo custo de aquisição, deduzido do saldo da respectiva conta de exaustão acumulada.","Os direitos sujeitos à exaustão serão apresentados no balanço pelo custo de aquisição, deduzido do saldo da respectiva conta de exaustão. Isso se aplica quando a perda do valor decorre da exploração de direitos cujo objeto sejam recursos minerais ou florestais, ou bens aplicados nessa exploração."
Como deve proceder o contribuinte que deixou de contabilizar ou contabilizou  a menor o valor da provisão para o imposto sobre a renda?,"Deve, no curso do período de apuração seguinte, mediante lançamento de ajuste em contas próprias, com efeitos retroativos ao início do período de apuração, regularizar sua situação contábil pelo registro do valor da provisão (ou da diferença a menor apurada), a débito de conta do patrimônio líquido (prejuízos acumulados).",A lei não fornece informações específicas sobre como proceder em caso de não contabilização ou contabilização a menor do valor da provisão para o imposto sobre a renda. Recomenda-se que o contribuinte busque orientação de um contador ou advogado especializado em direito tributário para corrigir a situação.
As sociedades por ações poderão ter quantos conselheiros fiscais?,"O conselho fiscal será composto de, no mínimo, 3 (três), e no máximo, 5 (cinco) membros, e suplentes em igual número, acionistas ou não, eleitos pela assembleia- geral.","O conselho fiscal será composto de, no mínimo, 3 (três) e, no máximo, 5 (cinco) membros."
"Existe a possibilidade de serem deduzidas, para fins do imposto de renda, as  perdas havidas na alienação de investimentos oriundos de incentivos fiscais?","Não. A legislação fiscal não admite a dedutibilidade, na apuração do lucro real, da perda de capital decorrente de alienação ou baixa de investimentos adquiridos mediante dedução do imposto de renda devido pela pessoa jurídica, como, por exemplo, os incentivos fiscais para o Finor, Finam e Funres. O valor da perda apurada contabilmente deverá ser adicionado ao lucro líquido, para fins de determinação do lucro real, no Lalur, Parte A.","Não, as perdas apuradas na alienação de investimentos que foram adquiridos através de incentivos fiscais não são dedutíveis para fins de determinação do lucro real."
Qual o tratamento tributário aplicável ao prejuízo fiscal apurado por Sociedade  em Conta de Participação (SCP)?,"O prejuízo fiscal apurado por Sociedade em Conta de Participação (SCP), somente poderá ser compensado com o lucro real decorrente da mesma SCP. É vedada a compensação de prejuízos fiscais e lucros entre duas ou mais SCP, ou entre estas e o sócio ostensivo.",O prejuízo fiscal apurado por uma Sociedade em Conta de Participação (SCP) só pode ser compensado com o lucro real proveniente da mesma sociedade. Não é permitida a compensação de prejuízos fiscais e lucros entre duas ou mais sociedades em conta de participação ou entre estas e o sócio ostensivo.
"A pessoa jurídica que tiver prejuízo fiscal de períodos de apuração anteriores  devidamente apurado e controlado no Lalur, vindo a se submeter à tributação  utilizando-se de outra base que não a do lucro real, perderá o direito de  compensar este prejuízo?","O direito à compensação dos prejuízos fiscais, desde que estejam devidamente apurados e controlados na parte B do Lalur, somente poderá ser exercido quando a pessoa jurídica for tributada com base no lucro real, pois quando a forma de tributação for outra não há que se falar em apurar ou compensar prejuízos fiscais. Esse direito, entretanto, não será prejudicado ainda que o contribuinte possa, em algum período de apuração, ter sido tributado com base no lucro presumido ou arbitrado. Assim, no período-base em que retornar à tributação com base no lucro real poderá compensar o prejuízo fiscal constante no Lalur, Parte B, observada a legislação vigente à época da compensação.","Não, a pessoa jurídica que optar por outra base de tributação que não o lucro real não perde o direito de compensar prejuízos fiscais de períodos anteriores. Se ela retornar ao regime de tributação pelo lucro real, o saldo de prejuízos fiscais não utilizado poderá ser compensado, respeitando os prazos e normas pertinentes à compensação."
A absorção na escrituração comercial de prejuízos contábeis impede a  compensação dos prejuízos fiscais?,"A absorção na escrituração comercial de prejuízos contábeis apurados mediante débito à conta de lucros acumulados, de reservas de lucros ou de capital, ao capital social, ou à conta de sócios, matriz ou titular de empresa individual, não impede a compensação dos prejuízos fiscais.","A absorção na escrituração comercial de prejuízos contábeis não impede a compensação dos prejuízos fiscais, desde que haja equivalência entre o débito à conta dos sócios e o crédito correspondente. No entanto, se não houver essa equivalência, o procedimento não será considerado regular, podendo resultar em uma parcela redutora de capital a realizar, o que afetará o valor do patrimônio líquido para cálculo de correção monetária."
"A pessoa jurídica que explora atividade rural e que tenha utilizado o benefício  fiscal da depreciação incentivada, ao mudar para o regime de tributação do lucro  presumido ou arbitrado deve adicionar à base de cálculo do imposto de renda o  saldo dessa depreciação?","Não. A reversão da depreciação incentivada que deve ser adicionado ao lucro líquido para determinação do lucro real e controlada na Parte B do e-Lalur e na Parte B do e- Lacs, não é a decorrente de tributação diferida, uma vez que a adição se impõe em virtude de anular os efeitos decorrentes da depreciação normal consignada na escrituração comercial da pessoa jurídica rural. No regime de tributação do lucro presumido ou arbitrado, prescinde-se da escrita regular, e, em consequência, não há o aludido efeito de depreciação normal a ser compensado pela adição.","Não está claro na informação fornecida se o saldo da depreciação incentivada deve ser adicionado à base de cálculo do imposto de renda quando a pessoa jurídica muda para o regime de tributação do lucro presumido ou arbitrado. No entanto, a lei sugere que se a pessoa jurídica rural optar pela tributação com base no lucro presumido, ela não deve utilizar qualquer incentivo fiscal aplicável a essa atividade. Portanto, pode-se interpretar que se a depreciação incentivada foi utilizada, pode haver implicações ao mudar para o lucro presumido. Recomenda-se consultar um especialista em direito tributário para uma interpretação precisa."
Pessoa jurídica que retornar ao lucro real poderá fazer jus à depreciação  acelerada incentivada?,"Sim. Retornando à tributação com base no lucro real a pessoa jurídica deverá adicionar o encargo de depreciação normal registrado na escrituração comercial, relativo a bens já totalmente depreciados, ao resultado da atividade rural, efetuando a baixa do respectivo valor no saldo da depreciação incentivada controlado na Parte B do e-Lalur e do e-Lacs.","Não, a pessoa jurídica que retornar ao lucro real deverá adicionar o encargo de depreciação normal registrado na escrituração comercial, relativo a bens já totalmente depreciados na forma do disposto no artigo 260, ao resultado líquido do período de apuração, para determinação do lucro real e do resultado ajustado da atividade rural. Portanto, não poderá fazer jus à depreciação acelerada incentivada."
"Como deverá proceder a pessoa jurídica que explora atividade rural com  tributação pelo lucro real e, posteriormente, venha a optar pela tributação com  base no lucro presumido ou arbitrado, e vier a alienar o bem depreciado com o  incentivo fiscal?","A pessoa jurídica rural que tiver usufruído o benefício fiscal da depreciação acelerada incentivada, vindo, posteriormente, a ser tributada pelo lucro presumido ou arbitrado, caso aliene o bem depreciado com o incentivo durante a permanência nesses regimes, deverá adicionar à base de cálculo para determinação do lucro presumido ou arbitrado o saldo remanescente da depreciação não realizada.","A pessoa jurídica que explora atividade rural e que, posteriormente, optar pela tributação com base no lucro presumido ou arbitrado, deverá, caso alienar o bem depreciado com o incentivo fiscal, adicionar o saldo remanescente da depreciação não realizada à base de cálculo para determinação do lucro presumido e do resultado presumido."
Poderá haver mudança da opção para o contribuinte que já efetuou o  recolhimento da primeira quota ou de quota única com base no lucro  presumido?,"Como regra, não há a possibilidade de mudança. A opção pela tributação com base no lucro presumido será definitiva em relação a todo o ano-calendário. Todavia, abre-se exceção quando ocorrer qualquer das hipóteses de arbitramento previstas na legislação tributária, situação em que a pessoa jurídica poderá, desde que conhecida a receita bruta, determinar o lucro tributável segundo as regras relativas ao regime de tributação com base no lucro arbitrado.","Não, a opção pela tributação com base no lucro presumido é definitiva para todo o ano-calendário, não havendo possibilidade de mudança após o recolhimento da primeira quota ou da quota única."
A pessoa jurídica que optar pelo lucro presumido poderá em algum período de  apuração trimestral ser tributada com base no lucro real?,"Sim. Na hipótese de haver pago o imposto com base no lucro presumido e, em relação ao mesmo ano-calendário, incorrer em situação de obrigatoriedade de apuração pelo lucro real por ter auferido lucros, rendimentos ou ganhos de capital oriundos do exterior, deverá apurar o IRPJ e a CSLL sob o regime de apuração pelo lucro real trimestral a partir, inclusive, do trimestre da ocorrência do fato. Tal situação também é possível de ocorrer na hipótese de exclusão do Refis de empresa incluída neste programa como sendo do lucro presumido, embora obrigada ao lucro real.","Sim, a pessoa jurídica que optar pelo lucro presumido poderá, em algum período de apuração trimestral, ser tributada com base no lucro real, se auferir lucros, rendimentos ou ganhos de capital oriundos do exterior. Nesse caso, a partir do trimestre em que ocorrer o fato, ela deverá apurar o imposto sobre a renda de pessoa jurídica (IRPJ) e a contribuição social sobre o lucro líquido (CSLL) sob o regime de apuração pelo lucro real trimestral."
"Pessoa Jurídica que apresentou declaração com base no lucro presumido  poderá, após a entrega, pedir retificação para efeito de declarar pelo lucro real?","Após a entrega da declaração de informações com base no lucro presumido, não há mais como o contribuinte alterar a sua opção. Entretanto, será admitida a retificação da declaração quando o contribuinte comprovar ter exercido irregularmente a opção pelo lucro presumido, na hipótese em que a legislação fiscal expressamente torne obrigatória a sua tributação com base no lucro real; ou, ainda, quando for constatado tal fato por meio de procedimento de ofício, o qual poderá adotar a tributação com base no lucro real quando exigido por lei, ou o lucro arbitrado, dependendo do caso.","Não, a retificação da ECF não será admitida se o objetivo for mudar o regime de tributação, exceto nos casos de adoção do lucro arbitrado, conforme determinado pela legislação."
"A pessoa jurídica optante pelo lucro presumido que mantiver escrituração  regular e apurar lucro contábil poderá utilizá-lo como reserva livre para aumento  de capital, sem ônus tributário (voltando ou não à tributação pelo lucro real)?","Na hipótese de apuração de lucro contábil, a pessoa jurídica poderá utilizar o montante desse lucro como reserva livre para aumento de capital. Entretanto, não poderá utilizar a esse título todo o montante do lucro contábil, devendo dele diminuir o valor do imposto de renda apurado com base no lucro presumido, inclusive adicional, o valor das contribuições (CSLL, Cofins e PIS/Pasep), bem assim os valores que forem distribuídos a título de lucros ao seu titular, sócio ou acionista.","Sim, a pessoa jurídica optante pelo lucro presumido pode utilizar o lucro contábil como reserva livre para aumento de capital, sem ônus tributário, desde que a diferença entre o lucro presumido ou arbitrado e os valores correspondentes ao imposto de renda, contribuição social sobre o lucro, COFINS e PIS/PASEP seja distribuído a título de lucros."
De quais incentivos fiscais do IRPJ as empresas que optarem pelo lucro  presumido poderão se utilizar?,Do imposto apurado com base no lucro presumido não é permitida qualquer dedução a título de incentivo fiscal.,"A lei não especifica quais incentivos fiscais do Imposto sobre a Renda das Pessoas Jurídicas (IRPJ) as empresas que optam pelo lucro presumido podem utilizar. No entanto, a lei proíbe qualquer dedução a título de incentivo fiscal. Portanto, as empresas que optam pelo lucro presumido não podem se utilizar de incentivos fiscais para dedução do IRPJ."
Como poderá ser compensado o imposto pago a maior no período de apuração?,"No caso em que o valor retido na fonte ou já pago pelo contribuinte for maior que o imposto devido no período de apuração trimestral, a diferença a maior poderá ser compensada com o imposto relativo aos períodos de apuração subsequentes. ","Na situação em que o imposto sobre a renda retido na fonte ou pago for superior ao devido, a diferença poderá ser utilizada na compensação de débitos próprios, conforme estabelecido na legislação."
O que poderá acontecer à pessoa jurídica que optar indevidamente ou deixar de  cumprir alguma das condições estabelecidas para opção pelo lucro presumido?,"Inicialmente será verificada a possibilidade de apuração da base de cálculo do imposto de renda pelo lucro real, caso a empresa mantenha escrituração regular com base nas leis comerciais e fiscais. Na impossibilidade de adoção de tal procedimento, deverá ser arbitrado o lucro da pessoa jurídica no respectivo período de apuração.",A pessoa jurídica que optar indevidamente ou deixar de cumprir alguma das condições estabelecidas para opção pelo lucro presumido poderá ser tributada com base no lucro arbitrado.
Como será manifestada pelo contribuinte a tributação com base no lucro  arbitrado?,"A tributação com base no lucro arbitrado será manifestada mediante o pagamento da primeira quota ou da quota única do imposto devido, correspondente ao período de apuração trimestral em que o contribuinte, conhecendo sua receita bruta, verificou que incidiu em uma das hipóteses que ensejam o arbitramento de seu lucro.","A tributação com base no lucro arbitrado será manifestada pelo contribuinte abrangendo todo o ano-calendário. O imposto sobre a renda, calculado dessa forma, deverá ser pago no último dia útil do mês subsequente ao do encerramento de cada período de apuração. Além disso, se a pessoa jurídica tiver escrituração exigida pela legislação comercial e fiscal que demonstre o lucro real dos períodos não abrangidos por essa modalidade de tributação, ela poderá ser tributada com base no lucro real relativo aos trimestres não submetidos ao arbitramento."
"Em caso de arbitramento do lucro, ficam as pessoas jurídicas dispensadas das  penalidades e da comprovação da origem das receitas recebidas?","Não. Mesmo sendo tributadas com base no lucro arbitrado, persiste a obrigatoriedade de comprovação das receitas efetivamente recebidas ou auferidas. O arbitramento de lucro é uma forma de apuração da base de cálculo do imposto, e não uma sanção. Assim, sua utilização não afasta a aplicação das penalidades cabíveis, como as decorrentes do descumprimento da legislação tributária em relação às obrigações acessórias.","Não, as pessoas jurídicas não são dispensadas das penalidades cabíveis mesmo em caso de arbitramento do lucro."
Como a pessoa jurídica que apura o Imposto sobre a Renda com base na  estimativa de lucro mensal pode compensar o imposto pago indevidamente ou  a maior em relação ao apurado com base na estimativa de lucro no respectivo  mês?,"Os valores do IRPJ e da CSLL pagos e que excederem os apurados com base na estimativa de lucro no respectivo mês somente podem ser utilizados no final do período de apuração em que houve o pagamento indevido ou maior que o devido para: a) dedução do IRPJ ou da CSLL; b) ou compor o saldo negativo de IRPJ ou de CSLL. No caso de pagamento calculado com base na estimativa de lucro mensal, o final do período de apuração é, em regra, 31 de dezembro. Excepcionalmente, no caso de pessoas jurídicas submetidas aos seguintes eventos, o final do período de apuração será a data do evento: a) incorporação, fusão ou cisão; b) extinção da pessoa jurídica, pelo encerramento da liquidação.","A pessoa jurídica que sofreu retenção indevida ou a maior de IRPJ ou de CSLL sobre rendimentos que fazem parte da base de cálculo do imposto ou da contribuição, pode utilizar o valor retido na dedução do IRPJ ou da CSLL devidos ao final do período de apuração em que houve a retenção. Este valor também pode ser usado para compor o saldo negativo de IRPJ ou de CSLL do período."
"Como a pessoa jurídica que apura o IRPJ com base na estimativa de lucro mensal  pode compensar o Imposto sobre a Renda Retido na Fonte (IRRF), retido  indevidamente ou a maior que o devido?","Os valores do IRRF e da CSLL retidos na fonte e que excederem os apurados com base na estimativa de lucro no respectivo mês somente podem ser utilizados no final do período de apuração em que houve a retenção para: a) dedução do IRPJ ou da CSLL; b) ou compor o saldo negativo de IRPJ ou de CSLL. No caso de pagamento calculado com base na estimativa de lucro mensal, o final do período de apuração é, em regra, 31 de dezembro. Excepcionalmente, no caso de pessoas jurídicas submetidas aos seguintes eventos, o final do período de apuração será a data do evento: a) incorporação, fusão ou cisão; b) extinção da pessoa jurídica, pelo encerramento da liquidação.",A pessoa jurídica que sofreu retenção indevida ou a maior de IRPJ pode utilizar o valor retido na dedução do IRPJ ou da CSLL devidos ao final do período de apuração em que houve a retenção. Este valor também pode ser usado para compor o saldo negativo de IRPJ ou de CSLL do período.
A base de cálculo negativa da CSLL poderá ser compensada com resultados  apurados em períodos subsequentes?,"Sim. A base de cálculo da CSLL, quando negativa, poderá ser compensada até o limite de 30% dos resultados apurados em períodos subsequentes, ajustados pelas adições e exclusões previstas na legislação.","Sim, a base de cálculo negativa da CSLL pode ser compensada com resultados apurados em períodos subsequentes, observado o limite máximo de redução de trinta por cento."
Os rendimentos e ganhos de capital auferidos no exterior sujeitam-se à  incidência da CSLL?,"Sim. O art. 21 da MP nº 2.158-35, de 2001, determina que os lucros, rendimentos e ganhos de capital auferidos no exterior ficam sujeitos à incidência da CSLL, observadas as normas de tributação universal. O parágrafo único do mencionado artigo, por seu turno, preconiza que o saldo do imposto de renda pago no exterior, que exceder o valor compensável com o IRPJ devido no Brasil, poderá ser compensado com a CSLL devida em virtude da adição, à sua base de cálculo, dos lucros oriundos do exterior, até o limite acrescido em decorrência dessa adição.","Sim, os rendimentos e ganhos de capital auferidos no exterior estão sujeitos à incidência da Contribuição Social sobre o Lucro Líquido (CSLL)."
O registro da CSLL como despesa afetará o cálculo do lucro da exploração?,"A CSLL será adicionada ao lucro líquido do período de apuração, antes da provisão para o imposto de renda, para efeito de determinação do lucro da exploração, que servirá de base de cálculo de incentivos fiscais.","Sim, a parcela da CSLL devida, após a compensação com a COFINS, será adicionada ao lucro líquido para efeito de determinação do lucro da exploração. Portanto, o registro da CSLL como despesa afetará o cálculo do lucro da exploração."
"O valor correspondente à CSLL será considerado como despesa dedutível, para  efeito de determinação do lucro real?","Não. O valor da CSLL não pode ser deduzido para efeito da determinação do lucro real, nem da sua própria base de cálculo. O valor da CSLL que for considerado como custo ou despesa deverá ser adicionado ao lucro líquido para efeito de determinação do lucro real.","Não, o valor correspondente à CSLL não será considerado como despesa dedutível para efeito de determinação do lucro real."
Quais as pessoas jurídicas que têm seu ingresso permitido nas sociedades  cooperativas?,Em situações específicas é possível o ingresso de pessoa jurídica nas sociedades cooperativas de pescas e nas cooperativas constituídas por produtores rurais ou extrativistas que pratiquem as mesmas atividades econômicas das pessoas físicas associadas. ,"As pessoas jurídicas que podem ingressar nas cooperativas são aquelas que praticam as mesmas atividades econômicas das pessoas físicas associadas nas cooperativas de pesca e nas constituídas por produtores rurais ou extrativistas. Além disso, nas cooperativas de eletrificação, irrigação e telecomunicações, podem ingressar as pessoas jurídicas que se localizem na respectiva área de operações."
"Se o sujeito passivo não atender, no prazo estipulado, à intimação para prestar  esclarecimentos, apresentar os arquivos ou sistemas de que tratam os arts. 11 a  13 da Lei 8.218/91 ou a documentação técnica de que trata o art. 38 da Lei  9.430/96, quais são os percentuais de multa a serem aplicados?","Nesse caso caberá multa de ofício de 112,5% se o sujeito, além de não ter atendido à intimação, não pagou o débito ou não apresentou declaração. Ou de 225% se o sujeito, além dos motivos que ensejariam a aplicação da multa de 112,5%, incorrer também em crime contra a ordem tributária, de sonegação, fraude ou conluio. Esses percentuais correspondem à multa de 75% (Lei 9.430, art. 44, I) aumentada de 50% (75% x 1,5 = 112,5%), ou à multa de 150% (Lei 9.430, art. 44, § 1º) aumentada de 50% (150% x 1,5 = 225%).","Os percentuais de multa serão aumentados de metade nos casos de não atendimento pela sujeito passivo, no prazo marcado, para prestar esclarecimentos, apresentar os arquivos ou sistemas de que tratam os arts. 11 a 13 da Lei no 8.218, de 29 de agosto de 1991, ou apresentar a documentação técnica de que trata o art. 38 desta Lei."
"Qual o regime de tributação da pessoa jurídica que auferir lucros, rendimentos  e ganhos de capital do exterior?","A pessoa jurídica que auferir lucros, rendimentos ou ganhos de capital do exterior fica obrigada à tributação com base no lucro real, a partir, inclusive, do trimestre de sua ocorrência.","A pessoa jurídica que auferir lucros, rendimentos e ganhos de capital do exterior está obrigada à apuração do lucro real."
"Se o contribuinte for optante do lucro presumido e, em algum período auferir  lucros, rendimentos e ganhos de capital do exterior?","A pessoa jurídica que houver pago o imposto com base no lucro presumido e que, em relação ao mesmo ano-calendário, incorrer em situação de obrigatoriedade de apuração pelo lucro real por ter auferido lucros, rendimentos ou ganhos de capital oriundos do exterior, deverá apurar o imposto sobre a renda de pessoa jurídica (IRPJ) e a contribuição social sobre o lucro líquido (CSLL) sob o regime de apuração pelo lucro real trimestral a partir, inclusive, do trimestre da ocorrência do fato. 555","A pessoa jurídica que optou pelo lucro presumido e que, em algum período, auferir lucros, rendimentos ou ganhos de capital do exterior, deverá apurar o imposto sobre a renda de pessoa jurídica (IRPJ) e a contribuição social sobre o lucro líquido (CSLL) sob o regime de apuração pelo lucro real trimestral a partir, inclusive, do trimestre da ocorrência do fato."
Como serão tributados no Brasil os lucros auferidos no exterior por intermédio  de filiais e sucursais da pessoa jurídica no Brasil?,"Para fins de apuração do lucro real e da base de cálculo da CSLL, os lucros auferidos por filiais e sucursais no exterior serão adicionados integralmente ao lucro líquido da pessoa jurídica no Brasil em 31 de dezembro do ano-calendário em que tiverem sido disponibilizados.",Os lucros auferidos no exterior por intermédio de filiais e sucursais da pessoa jurídica no Brasil serão tributados no Brasil no momento em que forem disponibilizados para a pessoa jurídica domiciliada no Brasil. Eles serão computados para fins de determinação do lucro real e da base de cálculo da CSLL no balanço levantado em 31 de dezembro do ano-calendário em que tiverem sido disponibilizados. O resultado obtido no exterior deve ser apurado segundo as normas da legislação comercial do país de domicílio e antes da tributação no exterior sobre o lucro.
Quando se consideram disponibilizados os lucros auferidos no exterior por  intermédio filiais e sucursais da pessoa jurídica?,Consideram-se disponibilizados na data do balanço no qual tiverem sido apurados.,Os lucros auferidos no exterior por intermédio de filiais e sucursais são considerados disponibilizados na data do balanço no qual tiverem sido apurados.
Os resultados auferidos por filiais e sucursais podem ser consolidados?,"Desde que as filiais e sucursais sejam domiciliadas num mesmo país, e, tendo a matriz no Brasil indicado uma dessas filiais ou sucursais como entidade líder, os resultados poderão ser consolidados por país, e os prejuízos de uma poderão ser compensados com os lucros da outra.","Sim, os resultados auferidos por filiais e sucursais podem ser consolidados, especialmente quando domiciliadas no mesmo país e uma é indicada como entidade líder pela matriz no Brasil. Nesse caso, os prejuízos de uma filial ou sucursal podem ser compensados com os lucros de outra."
"Como deverão ser convertidos os lucros auferidos no exterior por intermédio de  filiais, sucursais, controladas ou coligadas?","Os lucros auferidos no exterior por intermédio de filiais, sucursais, controladas ou coligadas serão convertidos em Reais pela taxa de câmbio, para venda, do dia das demonstrações financeiras em que tenham sido apurados os correspondentes lucros.","Os lucros obtidos no exterior através de filiais, sucursais, controladas ou coligadas devem ser convertidos em Reais com base na taxa de câmbio da moeda do país de origem, fixada para venda pelo Banco Central do Brasil, correspondente à data do levantamento de balanço da controlada direta ou indireta. Se a moeda do país de origem não tiver cotação no Brasil, seu valor será convertido primeiro em Dólares dos Estados Unidos da América e, em seguida, em Reais."
"Como deve ser apurado o limite admitido de compensação do tributo pago no  exterior sobre lucros auferidos por meio de controladas, coligadas, filiais ou  sucursais?","A pessoa jurídica deverá calcular o valor: a) do imposto pago no exterior, correspondente aos lucros de cada filial, sucursal, controlada ou coligada, bem assim aos rendimentos e ganhos de capital, que foram computados na determinação do lucro real; b) do imposto sobre a renda e CSLL devidos sobre o lucro real antes e após a inclusão dos lucros auferidos no exterior. O imposto, passível de compensação, não poderá exceder o valor determinado na letra “a” anterior, nem à diferença positiva entre os valores calculados sobre o lucro real com e sem a inclusão dos referidos lucros, rendimentos ou ganhos de capital auferidos no exterior e referidos na letra “b”.","O limite admitido de compensação do tributo pago no exterior sobre lucros auferidos por meio de controladas, coligadas, filiais ou sucursais deve ser apurado de acordo com os valores do imposto pago no exterior, correspondente aos lucros de cada uma dessas entidades, que foram computados na determinação do lucro real. Este valor não pode exceder o montante do imposto sobre a renda e da CSLL devidos no Brasil, sobre o valor das parcelas positivas dos resultados, incluído na apuração do lucro real. Além disso, o cálculo do valor do tributo pago no exterior passível de dedução deve ser feito antes da compensação de prejuízo fiscal acumulado no Brasil relativo a anos-calendário anteriores. Se o tributo pago no exterior for inferior ao valor determinado, somente o valor pago poderá ser compensado."
"Em que momento deve ser tributado o lucro gerado por uma empresa  estrangeira, classificada pela legislação brasileira como coligada ou porfólio de  investimento sem influência nem relevância, cuja participação societária seja  detida por uma por controlada direta ou indireta da controladora brasileira?","Os lucros gerados por empresas tidas como coligadas das controladas diretas ou indiretas ou como participações em empresas de portfólio, detidas por controlada direta ou indireta domiciliadas no exterior, serão tributados pela controladora brasileira quando forem reconhecidos no balanço da controlada direta ou indireta, segundo a legislação comercial de sua jurisdição.","O lucro gerado por uma empresa estrangeira, classificada como coligada, deve ser tributado no momento em que é apurado, sendo adicionado ao lucro líquido relativo ao balanço de 31 de dezembro do ano-calendário em que os lucros tenham sido obtidos pela pessoa jurídica investida no exterior. Se o resultado for negativo, poderá ser compensado com lucros futuros da mesma pessoa jurídica no exterior. Isso ocorre independentemente de o lucro ser distribuído ou não. Além disso, a pessoa jurídica domiciliada no Brasil tem a opção de tributar os lucros obtidos por meio de suas coligadas no exterior na forma prevista, independentemente do descumprimento das condições estabelecidas."
A variação cambial acrescida aos juros calculados com base na taxa LIBOR são  considerados dedutíveis na apuração do lucro real?,"Sim, uma vez que a referida variação cambial é um componente dos juros para o pagamento do imposto de renda diferido relativo aos lucros auferidos no exterior.","Sim, os juros calculados com base na taxa LIBOR, acrescidos da variação cambial, são dedutíveis na apuração do lucro real e da base de cálculo da CSLL."
"Dos resultados das controladas diretas ou indiretas no exterior não devem  constar os resultados auferidos por outra pessoa jurídica sobre a qual a  controladora brasileira mantenha o controle direto ou indireto. Esta regra se  aplica também para a apuração do estoque de prejuízos anteriores a  01/01/2015, passiveis de compensação com lucros futuros para efeitos de  tributação no Brasil?","Em obediência à uniformidade de critério, na falta de ressalva em Lei, dos prejuízos contábeis anteriores a 2015 não devem constar resultados (lucros ou prejuízos) originados da participação em outra pessoa jurídica sobre a qual a controladora brasileira mantenha controle direto ou indireto.","Sim, a regra estabelecida no § 2º do Art. 2º se aplica à apuração do estoque de prejuízos anteriores a 01/01/2015, passíveis de compensação com lucros futuros para efeitos de tributação no Brasil. Isso significa que dos resultados das controladas diretas ou indiretas no exterior não constarão os resultados auferidos por outra pessoa jurídica sobre a qual a controladora brasileira mantenha o controle direto ou indireto."
Qual é o valor da parcela do investimento referente ao lucro ou prejuízo de  investimento no exterior que deve ser registrada na subconta de investimento?,"O valor a ser registrado na subconta de investimento é o equivalente aos lucros ou prejuízos antes da tributação no exterior sobre tais lucros ou prejuízos, assim entendido como o lucro ou prejuízo antes dos tributos sobre a renda, sejam correntes e/ou diferidos.","O valor a ser registrado na subconta de investimento referente ao lucro ou prejuízo de investimento no exterior é a parcela do ajuste do valor do investimento equivalente aos lucros auferidos pela controlada, direta ou indireta, antes da tributação no exterior sobre o lucro."
"Nos casos em que o ajuste de preço de transferência/subcapitalização é maior  que o valor do lucro auferidos no exterior, será possível “carregar” para os anos  subsequentes o valor residual do ajuste que não foi deduzido da base de IR/CSLL  no ano que foi apurado? Em caso negativo, como remover o efeito de ""dupla  tributação"" sobre a parcela do ajuste que excede o valor dos lucros?","A dedução é limitada ao valor do lucro auferido no exterior pela controlada, não havendo previsão legal, para o aproveitamento de excedente em anos posteriores.","A lei não especifica se o valor residual do ajuste de preço de transferência que excede o lucro auferido no exterior pode ser carregado para anos subsequentes. No entanto, é claro que a dedução deve estar limitada ao valor do lucro auferido pela controlada no exterior (§ 2º, III). Portanto, qualquer valor residual do ajuste que excede o lucro não pode ser deduzido naquele ano. A lei também não fornece uma solução direta para remover o efeito de ""dupla tributação"" sobre a parcela do ajuste que excede o valor dos lucros."
"Quais os limites aplicáveis, para a pessoa jurídica domiciliada no Brasil, nos casos  de endividamento quando o credor for pessoa física ou jurídica residente,  domiciliada ou constituída no exterior, em país ou dependência com tributação  favorecida ou sob regime fiscal privilegiado?","No caso de credor, pessoa física ou jurídica, residente, domiciliada ou constituída no exterior, em país ou dependência com tributação favorecida ou sob regime fiscal privilegiado, tanto o limite individual quanto o limite global de endividamento (somatório dos endividamentos com todas as entidades situadas naqueles países) estão limitados a 30% do valor do patrimônio líquido da pessoa jurídica residente no Brasil.","O valor total do somatório dos endividamentos com todas as entidades situadas em país ou dependência com tributação favorecida ou sob regime fiscal privilegiado não pode ser superior a 30% (trinta por cento) do valor do patrimônio líquido da pessoa jurídica residente no Brasil. Se esse limite for excedido, o valor dos juros relativos ao excedente será considerado despesa não necessária à atividade da empresa e, portanto, não dedutível para fins do Imposto de Renda e da Contribuição Social sobre o Lucro Líquido. Os valores do endividamento e do patrimônio líquido serão apurados pela média ponderada mensal."
Em quais hipóteses existe a possibilidade de apropriação de créditos presumidos  da Contribuição para o PIS/Pasep e da Cofins relativos a selo de controle e  equipamentos de controle de produção?,"As pessoas jurídicas obrigadas pela RFB à utilização do selo de controle de que trata o art. 46 da Lei nº 4.502, de 30 de novembro de 1964; e dos equipamentos contadores de produção de que tratam os arts. 27 a 30 da Lei nº 11.488, de 2007, e o art. 58-T da Lei nº 10.833, de 2003, poderão deduzir da Contribuição para o PIS/PASEP ou da COFINS devidas em cada período de apuração, crédito presumido correspondente à taxa de que trata o art. 13 da Lei nº 12.995, de 2014, efetivamente paga no mesmo período","A apropriação de créditos presumidos da Contribuição para o PIS/Pasep e da Cofins relativos a selo de controle e equipamentos de controle de produção pode ocorrer nas seguintes hipóteses: quando esses itens são utilizados na produção de bens ou na prestação de serviços que geram a obrigação de contribuição. É importante notar que tais créditos são presumidos, ou seja, não dependem da apresentação de notas fiscais ou outros documentos para comprovar a aquisição ou a utilização desses itens. No entanto, é necessário que esses itens estejam diretamente relacionados à atividade econômica da empresa para que os créditos possam ser apropriados."
"De que forma devem ser apurados e registrados os créditos do art. 3º da Lei nº  10.637, de 2002, do art. 3º da Lei nº 10.833, de 2003, e do arts. 15 e 17 da Lei nº  10.865, de 2004, e os demais créditos presumidos da Contribuição para o  PIS/Pasep e da Cofins?","As pessoas jurídicas submetidas ao regime de apuração não cumulativa deverão apurar e registrar, de forma segregada, os créditos de que tratam o art. 3º da Lei nº 10.637, de 2002, o art. 3º da Lei nº 10.833, de 2003, e os arts. 15 e 17 da Lei nº 10.865, de 2004, e os créditos presumidos previstos nas Leis da Contribuição para o PIS/Pasep e da Cofins, discriminando-os em função da natureza, origem e vinculação desses créditos, observadas as normas editadas pela Secretaria da Receita Federal do Brasil.","Os créditos do art. 3º da Lei nº 10.637, de 2002, do art. 3º da Lei nº 10.833, de 2003, e do arts. 15 e 17 da Lei nº 10.865, de 2004, e os demais créditos presumidos da Contribuição para o PIS/Pasep e da Cofins devem ser apurados e registrados de forma segregada. Isso significa que eles devem ser discriminados em função da natureza, origem e vinculação desses créditos. Além disso, a apuração e registro desses créditos devem observar as normas a serem editadas pela Secretaria da Receita Federal do Brasil."
Quais as exclusões admitidas para efeito de apuração da base de cálculo da  Contribuição para o PIS/Pasep e da Cofins devidas pelas sociedades cooperativas  de rádio táxi?,"Além das exclusões admitidas para as sociedades cooperativas em geral, as sociedades cooperativas de rádio táxi podem ainda excluir da base de cálculo: 1) os valores repassados aos associados pessoas físicas decorrentes de serviços por eles prestados em nome da cooperativa; 2) as receitas de vendas de bens, mercadorias e serviços a associados, quando adquiridos de pessoas físicas não associadas; e 3) as receitas financeiras decorrentes de repasses de empréstimos a associados, contraídos de instituições financeiras, até o limite dos encargos a estas devidos. ","As exclusões admitidas para efeito de apuração da base de cálculo da Contribuição para o PIS/Pasep e da Cofins devidas pelas sociedades cooperativas de rádio táxi são:

I - os valores repassados aos associados pessoas físicas decorrentes de serviços por eles prestados em nome da cooperativa;

II - as receitas de vendas de bens, mercadorias e serviços a associados, quando adquiridos de pessoas físicas não associadas; e

III - as receitas financeiras decorrentes de repasses de empréstimos a associados, contraídos de instituições financeiras, até o limite dos encargos a estas devidos."
"Considerando que todas as informações de interesse do fisco estão disponíveis  no SPED, a empresa vai poder eliminar os documentos físicos (em papel) que  serviram de base para a escrituração contábil e fiscal?","Todos os documentos em papel (notas fiscais, contratos, recibos, etc.) que dão suporte aos respectivos lançamentos contábeis e fiscais devem ser mantidos pelo prazo previsto nas legislações comercial e fiscal.","Não, a empresa não pode eliminar os documentos físicos que serviram de base para a escrituração contábil e fiscal. A geração, o armazenamento e o envio do arquivo digital não dispensam o contribuinte da guarda dos documentos que deram origem às informações neles constantes, na forma e nos prazos estabelecidos pela legislação aplicável."
"Na ocorrência da adoção de novo método ou critério contábil, os contribuintes  já estão autorizados a fazer os referidos ajustes na apuração do lucro real, da  base de cálculo da CSLL, da COFINS e do PIS, até que a lei tributária regule a  matéria? Ou o contribuinte precisa de uma norma da RFB autorizando efetuar  tais ajustes?","Não. Quando houver modificação ou adoção de novo método ou critério contábil por meio de ato administrativo emitido com base em competência atribuída em lei comercial, a Secretaria Especial da Receita Federal do Brasil irá dispor sobre os procedimentos para anular os efeitos desses atos.","Não, os contribuintes não estão autorizados a fazer os ajustes na apuração do lucro real, da base de cálculo da CSLL, da COFINS e do PIS com a adoção de novo método ou critério contábil até que a lei tributária regule a matéria. É necessário aguardar uma norma da RFB autorizando efetuar tais ajustes."
O controle por subcontas na adoção inicial se aplica aos ativos e passivos  relativos aos contratos de arrendamento mercantil nos quais haja  transferência substancial dos riscos e benefícios inerentes à propriedade do  bem em curso na data da adoção inicial?,"Não. Para os ativos e passivos relativos aos contratos de arrendamento mercantil em curso na data da adoção inicial, nos quais haja transferência substancial dos riscos e benefícios inerentes à propriedade do bem arrendado, não se aplica o controle por subcontas de que tratam os arts. 294 a 300 da Instrução Normativa RFB n° 1.700, de 2017. O disposto acima aplica-se, inclusive, aos contratos não tipificados como arrendamento mercantil que contenham elementos contabilizados como arrendamento mercantil por força de normas contábeis e da legislação comercial. A partir da data da adoção inicial, deverá ser observado o tratamento tributário previsto nos arts. 172 a 177 da Instrução Normativa RFB n° 1.700, de 2017.","Não, o controle por subcontas na adoção inicial não se aplica aos ativos e passivos relativos aos contratos de arrendamento mercantil em curso na data da adoção inicial, nos quais haja transferência substancial dos riscos e benefícios inerentes à propriedade do bem arrendado."
O contribuinte pode efetuar a exclusão da diferença negativa entre o saldo do  ativo diferido registrado na contabilidade societária e no FCONT?,"A diferença negativa verificada na data da adoção inicial entre o valor de ativo diferido na contabilidade societária e no FCONT somente poderá ser excluída se o contribuinte evidenciar essa diferença em subconta vinculada ao ativo. A diferença poderá ser controlada de duas formas: 1) por meio da utilização de uma única subconta, sendo o lançamento a crédito na subconta e a débito na conta de ativo diferido; 2) por meio da utilização de 2 (duas) subcontas, sendo o lançamento a crédito na subconta vinculada ao ativo diferido e a débito em uma subconta auxiliar à subconta vinculada ao ativo. A diferença poderá ser excluída em cada período de apuração proporcionalmente à parcela equivalente à amortização do ativo diferido de acordo com as normas e critérios tributários vigentes em 31 de dezembro de 2007. No caso de ativo diferido não reconhecido na data da adoção inicial na contabilidade societária, mas reconhecido no FCONT, a diferença deverá ser controlada na Parte B do e-Lalur e do e-Lacs.","Sim, o contribuinte pode efetuar a exclusão da diferença negativa entre o saldo do ativo diferido registrado na contabilidade societária e no FCONT, desde que essa diferença seja evidenciada contabilmente em uma subconta vinculada ao ativo e que as condições estabelecidas nos parágrafos 1º a 5º ou 6º e 7º do art. 298 sejam obedecidas. A exclusão pode ser feita em cada período de apuração proporcionalmente à parcela equivalente à amortização do ativo diferido."
Qual deve ser o procedimento adotado pelo contribuinte no caso de contrato  de concessão de serviços públicos na adoção inicial?,"No caso de contrato de concessão de serviços públicos, o contribuinte deverá: 1) calcular o resultado tributável do contrato de concessão acumulado até a data da adoção inicial, considerando os métodos e critérios vigentes em 31 de dezembro de 2007; 2) calcular o resultado tributável do contrato de concessão acumulado até a data da adoção inicial, considerando as disposições da Instrução Normativa RFB nº 1.700/2017 e da Lei nº 6.404, de 1976; 3) calcular a diferença entre os valores referidos nos itens 1 e 2 acima, que deverá ser controlada na Parte B do e-Lalur e do e-Lacs; e 4) adicionar, se negativa, ou excluir, se positiva, a diferença referida no item 3 acima na apuração do lucro real e do resultado ajustado em quotas fixas mensais durante o prazo restante de vigência do contrato. O contribuinte deverá conservar os documentos comprobatórios da diferença enquanto os períodos de apuração abrangidos pelo contrato estiverem sujeitos a verificação por parte da Secretaria Especial da Receita Federal do Brasil. 774","O contribuinte deve calcular o resultado tributável do contrato de concessão acumulado até a data da adoção inicial, primeiro utilizando os métodos e critérios vigentes em 31 de dezembro de 2007, e depois considerando as disposições da Instrução Normativa e da Lei nº 6.404, de 1976. Em seguida, deve calcular a diferença entre esses dois valores. Se a diferença for negativa, deve ser adicionada na apuração do lucro real e do resultado ajustado; se positiva, deve ser excluída. Essa diferença deve ser controlada na parte B do e-Lalur e do e-Lacs e o contribuinte deve manter os documentos comprobatórios dessa diferença enquanto os períodos de apuração abrangidos pelo contrato estiverem sujeitos a verificação pela Receita Federal do Brasil. A partir da data da adoção inicial, o resultado tributável de todos os contratos de concessão de serviços públicos será determinado considerando as disposições da Instrução Normativa e da Lei nº 6.404, de 1976."
Quais são os níveis de detalhamento e as características das subcontas?,"As subcontas serão analíticas e registrarão os lançamentos contábeis das diferenças em último nível. Cada subconta deve se referir a apenas uma única conta de ativo ou passivo, e cada conta de ativo ou passivo referir-se-á a apenas uma subconta. O conjunto de contas formado pela conta analítica do ativo ou passivo e as subcontas correlatas receberá identificação única, que não poderá ser alterada até o encerramento contábil das subcontas.","As subcontas são analíticas e servem para registrar as diferenças em nível detalhado. Cada subconta se refere a uma única conta de ativo ou passivo e, por sua vez, cada conta de ativo ou passivo está vinculada a uma única subconta. No caso de ativos ou passivos representados por mais de uma conta, como bens depreciáveis, é feito o controle das diferenças através de uma subconta para cada conta. Quando o ativo ou passivo é reconhecido na data da adoção inicial na contabilidade societária, mas não no FCONT, a subconta pode ser a própria conta representativa do ativo ou passivo que já evidencia a diferença. Para contas que representam um grupo de ativos ou passivos, a subconta pode se referir ao mesmo grupo, desde que a pessoa jurídica mantenha um livro Razão auxiliar que demonstre o detalhamento individualizado por ativo ou passivo. O conjunto de contas formado pela conta analítica do ativo ou passivo e as subcontas correlatas recebe uma identificação única, que não pode ser alterada até o encerramento contábil das subcontas."
Qual deve ser o procedimento adotado na criação de subcontas no caso de  ativos ou passivos representados por mais de uma conta?,"No caso de ativos ou passivos representados por mais de uma conta (ex: bens depreciáveis), o controle das diferenças deverá ser feito com a utilização de uma subconta para cada conta, exceto se o contribuinte optar pela utilização de subcontas auxiliares, conforme previsto nos §§ 6° e 7° do art. 295, §§ 4° e 5° do art. 296, §§ 6° e 7° do art. 298 e §§ 4° e 5° do art. 299 da Instrução Normativa RFB n° 1.700, de 2017, hipótese em que haverá somente uma subconta vinculada ao ativo acompanhada de uma subconta auxiliar.","No caso de ativos ou passivos representados por mais de uma conta, o controle das diferenças deve ser feito utilizando uma subconta para cada conta."
O que deve ser entendido por contabilidade societária e como ela é  apresentada?,"A contabilidade societária é apresentada por meio da Escrituração Contábil Digital (ECD) no caso de pessoa jurídica que a tenha adotado nos termos da Instrução Normativa RFB nº 2.003, de 18 de janeiro de 2021. Na contabilidade societária, os ativos e passivos estarão mensurados de acordo com as disposições da Lei nº 6.404, de 1976, considerando as alterações introduzidas pela Lei n° 11.638/07 e pela Lei n° 11.941/09.","A contabilidade societária refere-se à mensuração dos ativos e passivos de uma empresa de acordo com as disposições da Lei nº 6.404, de 1976. Ela é apresentada por meio da Escrituração Contábil Digital (ECD), especialmente para as pessoas jurídicas que a tenham adotado conforme estabelecido nas Instruções Normativas RFB nº 787, de 2007, ou RFB nº 1.420, de 2013."
Onde estavam representados os ativos e passivos mensurados de acordo com  os métodos e critérios vigentes em 31 de dezembro de 2007 durante a vigência  do RTT? Como era gerado o FCONT?,"Esses ativos e passivos estavam no Controle Fiscal Contábil de Transição (FCONT) de que tratam os arts. 7º e 8º da Instrução Normativa RFB nº 949, de 2009. O FCONT era gerado a partir da contabilidade societária, expurgando e inserindo os lançamentos informados no Programa Validador e Assinador da Entrada de Dados para o Controle Fiscal Contábil de Transição de que trata a Instrução Normativa RFB nº 967, de 2009 (e alterações).","Os ativos e passivos mensurados de acordo com os métodos e critérios vigentes em 31 de dezembro de 2007 estavam representados no FCONT. O FCONT era gerado a partir da contabilidade societária, com a exclusão e inclusão dos lançamentos informados no Programa Validador e Assinador da Entrada de Dados para o Controle Fiscal Contábil de Transição, conforme descrito na Instrução Normativa RFB nº 967, de 2009."
"As disposições contidas na Instrução Normativa SRF nº 11, de 10 de fevereiro  de 1999, eram aplicadas somente às operações de incorporação, fusão e cisão,  ocorridas até 31 de dezembro de 2017, cuja participação societária tenha sido  adquirida até 31 de dezembro de 2014, desde que o processo de aquisição  tenha sido iniciado até 31 de dezembro de 2014. Neste sentido, o que pode ser  entendido como início do processo de aquisição?",O pedido de aprovação da aquisição junto ao órgão regulador ou fiscalizador deve ter sido protocolizado até 31 de dezembro de 2014.,"O início do processo de aquisição, nesse contexto, pode ser entendido como o momento em que foram tomadas as primeiras medidas concretas para a aquisição da participação societária, como a assinatura de um acordo preliminar, a aprovação do conselho de administração ou qualquer outra ação que indique o início formal do processo de aquisição. No entanto, especificamente, o texto legal não detalha exatamente o que constitui o ""início"" do processo, mas estabelece que este deve ter ocorrido até 31 de dezembro de 2014."
"Qual será o resultado tributável quando da alienação de bem objeto de  arrendamento mercantil, na hipótese em que o valor contábil do bem já tiver  sido computado na determinação do lucro real e do resultado ajustado pela  arrendatária a título de contraprestação de arrendamento mercantil?","Quando o valor contábil do bem já tiver sido computado na determinação do lucro real e do resultado ajustado pela arrendatária, a título de contraprestação de arrendamento mercantil, o resultado tributável na alienação de bem ou direito corresponderá ao respectivo valor da alienação.","O resultado tributável na alienação de bem objeto de arrendamento mercantil, na situação em que o valor contábil do bem já foi considerado na determinação do lucro real ou do resultado ajustado pela arrendatária a título de contraprestação de arrendamento mercantil, será correspondente ao valor da alienação desse bem."
"Qual o tratamento aplicável, em relação ao ganho de capital, aos contratos não  tipificados como arrendamento mercantil e que contenham elementos  contabilizados como arrendamento mercantil por força de normas contábeis e  da legislação comercial?","Em relação aos contratos não tipificados como arrendamento mercantil que contenham elementos contabilizados como arrendamento mercantil por força de normas contábeis e da legislação comercial, a determinação do ganho ou perda de capital de bens ou direitos que tenham sido objeto de arrendamento mercantil terá por base o valor contábil do bem, assim entendido o que estiver registrado na escrituração do contribuinte, diminuído, se for o caso, da depreciação, amortização ou exaustão acumulada e das perdas estimadas no valor de ativos. O disposto acima não se aplica quando o valor contábil do bem já tiver sido computado na determinação do lucro real e do resultado ajustado pela arrendatária, a título de contraprestação de arrendamento mercantil. Neste caso, o resultado tributável da alienação corresponderá ao respectivo valor da alienação.","O tratamento aplicável, em relação ao ganho de capital, aos contratos não tipificados como arrendamento mercantil e que contenham elementos contabilizados como arrendamento mercantil por força de normas contábeis e da legislação comercial, segue o disposto no Art. 177. Ou seja, a determinação do ganho de capital terá por base o valor contábil do bem, diminuído, se for o caso, da depreciação, amortização ou exaustão acumulada e das perdas estimadas no valor de ativos. No entanto, se o valor contábil do bem já tiver sido computado na determinação do lucro real ou do resultado ajustado pela arrendatária a título de contraprestação de arrendamento mercantil, o resultado tributável na alienação de bem ou direito corresponderá ao respectivo valor da alienação."
"O que deve ser considerado como ""contraprestações creditadas""?","Para efeito do disposto no art. 175 da Instrução Normativa RFB nº 1.700, de 2017, consideram-se contraprestações creditadas as contraprestações vencidas.","As contraprestações creditadas, nos termos do artigo, são consideradas as contraprestações vencidas."
"O que é “despesa financeira” considerada nas contraprestações pagas ou  creditadas, a que se refere o inciso I do art. 175 da IN RFB nº 1.700, de 2017?","São os encargos financeiros, incluindo-se os juros decorrentes do ajuste a valor presente.",Os juros computados no valor da contraprestação de arrendamento mercantil são considerados como despesa financeira.
"Em relação às operações de arrendamento mercantil, é necessária  evidenciação em subconta?",No caso de bem objeto de arrendamento mercantil financeiro não é necessário que a arrendatária evidencie em subconta vinculada ao bem arrendado os juros decorrentes do ajuste a valor presente relativo ao contrato de arrendamento mercantil.,"Não, no caso de bem objeto de arrendamento mercantil, não é necessária a evidenciação em subconta."
"Descaracterizada a operação de arrendamento mercantil financeiro, como será  determinado o preço de compra e venda?","O preço de compra e venda será o total das contraprestações pagas durante a vigência do arrendamento, acrescido da parcela paga a título de preço de aquisição. ","O preço de compra e venda será o total das contraprestações pagas durante a vigência do arrendamento, acrescido da parcela paga a título de preço de aquisição."
"Como deverão ser tratados os custos ou despesas operacionais pela  adquirente, na hipótese de descaracterização da operação de arrendamento  mercantil? Adicionalmente, como deverão ser tratados os eventuais tributos  não recolhidos?","As importâncias já deduzidas, como custo ou despesa operacional pela adquirente, acrescerão ao lucro tributável, no período de apuração correspondente à respectiva dedução. Adicionalmente, os tributos não recolhidos serão devidos com acréscimos previstos na legislação vigente.",As importâncias já deduzidas como custo ou despesa operacional pela adquirente serão acrescidas ao lucro tributável no período de apuração correspondente à respectiva dedução. Os tributos não recolhidos serão devidos com acréscimos previstos na legislação vigente.
"Quais valores devem ser computados na determinação da base de cálculo do  PIS e da COFINS, em operação de arrendamento mercantil, na pessoa jurídica  arrendadora?","A pessoa jurídica arrendadora deverá computar na apuração da base de cálculo da Contribuição para o PIS/Pasep e da COFINS, o valor da contraprestação de arrendamento mercantil, independentemente de na operação haver transferência substancial dos riscos e benefícios inerentes à propriedade do ativo.","O valor da contraprestação de arrendamento mercantil deve ser computado na determinação da base de cálculo do PIS e da COFINS na pessoa jurídica arrendadora. As receitas financeiras reconhecidas conforme as normas contábeis e legislação comercial relativas ao arrendamento mercantil que estiverem computadas na contraprestação, bem como as variações monetárias ativas decorrentes da atualização em função da taxa de câmbio ou de índices ou coeficientes aplicáveis, não serão acrescidas às bases de cálculo do PIS/Pasep e da Cofins, desde que não sejam atualizações feitas sobre contraprestações vencidas."
"Qual o tratamento tributário dispensado à receita decorrente da venda de  bens classificados no grupo de ""ativo não circulante mantido para venda"",  quando pessoa jurídica sujeita ao regime não cumulativo?","Não integram a base de cálculo da Contribuição para o PIS/Pasep e da COFINS apurados no regime de incidência não-cumulativa a que se referem a Lei nº 10.637, de 2002, e a Lei nº 10.833, de 2003, as outras receitas, decorrentes da venda de bens do ativo não circulante, classificado como investimento, imobilizado ou intangível. Tal disposição se aplica inclusive no caso do bem ter sido reclassificado para o Ativo Circulante com intenção de venda, por força das normas contábeis e da legislação comercial.","A receita decorrente da venda de bens classificados no grupo de ""ativo não circulante mantido para venda"" não integra a base de cálculo da Contribuição para o PIS/Pasep e da Cofins, quando a pessoa jurídica está sujeita ao regime não cumulativo. Isso se aplica mesmo que o bem tenha sido reclassificado para o ativo circulante com a intenção de venda, de acordo com as normas contábeis e a legislação comercial."
O ganho decorrente de avaliação de ativo com base no valor justo integrará a  base de cálculo estimada do IRPJ e da CSLL?,Não. A contrapartida do aumento no valor do ativo decorrente de avaliação com base no valor justo não integrará a base de cálculo estimada do IRPJ e da CSLL.,"Não, o ganho decorrente de avaliação de ativo com base no valor justo não integrará a base de cálculo estimada do IRPJ e da CSLL, a menos que tenha sido anteriormente computado na base de cálculo do tributo."
O ganho decorrente de avaliação de ativo com base no valor justo integrará a  base de cálculo do lucro e resultado presumido?,"Não. A contrapartida do aumento no valor do ativo decorrente de avaliação com base no valor justo não integrará a base de cálculo do lucro e resultado presumido no período de apuração: I - relativo à avaliação com base no valor justo, caso seja registrado diretamente em conta de receita; ou II - em que seja reclassificado como receita, caso seja inicialmente registrado em conta de patrimônio líquido.","Não, o ganho decorrente de avaliação de ativo com base no valor justo não integrará a base de cálculo do lucro e resultado presumido no período de apuração."
"Na apuração do ganho de capital na alienação de investimento, imobilizado ou  intangível a ser acrescido à base de cálculo do lucro e resultado presumido, o  aumento no valor do ativo decorrente de avaliação com base no valor justo  pode ser considerado como parte integrante do valor contábil?","Não, exceto se o ganho relativo à avaliação com base no valor justo tenha sido anteriormente computado na base de cálculo do tributo.","Não, o aumento no valor do ativo decorrente de avaliação com base no valor justo não será considerado como parte integrante do valor contábil na apuração do ganho de capital na alienação de investimento, imobilizado ou intangível a ser acrescido à base de cálculo do lucro e resultado presumido, a menos que esse ganho tenha sido anteriormente computado na base de cálculo do tributo."
O ganho decorrente de avaliação de ativo com base no valor justo integrará a  base de cálculo do lucro e resultado arbitrado?,"Não. A contrapartida do aumento no valor do ativo decorrente de avaliação com base no valor justo não integrará as bases de cálculo do lucro e do resultado arbitrados no período de apuração: I - relativo à avaliação com base no valor justo, caso seja registrado diretamente em conta de receita; ou II - em que seja reclassificado como receita, caso seja inicialmente registrado em conta de patrimônio líquido.","Não, o ganho decorrente de avaliação de ativo com base no valor justo não integrará a base de cálculo do lucro e resultado arbitrado no período de apuração, se for registrado diretamente em conta de receita ou se for inicialmente registrado em conta de patrimônio líquido e depois reclassificado como receita. No entanto, se o ganho relativo ao aumento no valor do ativo tenha sido anteriormente computado na base de cálculo do tributo, a regra não se aplica."
"Na apuração do ganho de capital na alienação de investimento, imobilizado ou  intangível a ser acrescido à base de cálculo do lucro e do resultado arbitrado,  o aumento no valor do ativo decorrente de avaliação com base no valor justo  pode ser considerado como parte integrante do valor contábil?","Não, exceto se o ganho relativo à avaliação com base no valor justo tenha sido anteriormente computado na base de cálculo do tributo.","Não, o aumento no valor do ativo decorrente de avaliação com base no valor justo não é considerado como parte integrante do valor contábil na apuração do ganho de capital na alienação de investimento, imobilizado ou intangível a ser acrescido à base de cálculo do lucro e do resultado arbitrado, a menos que esse ganho tenha sido anteriormente computado na base de cálculo do tributo."
"Na hipótese em que o Banco Central do Brasil venha a modificar ou incorporar  novos dispositivos contábeis a serem aplicados pelas instituições financeiras e  demais entidades autorizadas a funcionar, como os impactos tributários  devem ser avaliados?","A modificação ou a adoção de métodos e critérios contábeis pelo Banco Central do Brasil não terá implicação na apuração dos tributos federais até que lei tributária regule a matéria, observado o disposto no art. 283 da Instrução Normativa RFB n° 1.700, de 2017.","Os impactos tributários não serão afetados pelas modificações ou adoção de novos métodos e critérios contábeis pelo Banco Central do Brasil até que uma lei tributária específica seja implementada para regular essa questão, respeitando o disposto no artigo 283."
"No que tange à elaboração da escrituração contábil citada na questão anterior,  quais requisitos deverão ser observados? Como tal escrituração será  formalizada para fins de fiscalização?","A escrituração contábil elaborada para atendimento à legislação tributária deverá conter todos os fatos contábeis do período de apuração, devendo ser elaborada em forma contábil e com a utilização do plano de contas da escrituração comercial. Os lançamentos realizados nesta escrituração contábil deverão, nos casos em que couber, manter correspondência com aqueles efetuados na escrituração comercial, inclusive no que se refere aos históricos. A escrituração contábil será transmitida ao Sped.","A escrituração contábil, para fins tributários, deve ser elaborada com base na moeda nacional. Ela deve conter todos os fatos contábeis do período de apuração, sendo feita em forma contábil e utilizando o plano de contas da escrituração comercial. Os lançamentos nessa escrituração, quando aplicável, devem corresponder aos da escrituração comercial, incluindo os históricos. Esta escrituração será transmitida ao Sped. O lucro líquido do exercício, para determinação do lucro real e do resultado ajustado, deve ser obtido com base nesta escrituração contábil e apurado de acordo com as disposições da Lei nº 6.404, de 1976. Os ajustes prescritos ou autorizados pela legislação tributária para a determinação do lucro real e do resultado ajustado devem ser feitos com base nos valores reconhecidos e mensurados na moeda nacional."
"Qual deve ser o tratamento tributário, para fins de determinação do lucro real  e do resultado ajustado, para pagamento baseado em ações? Em que  momento o pagamento baseado em ações poderá ser considerado dedutível?","O valor da remuneração dos serviços prestados por empregados ou similares, efetuada por meio de acordo com pagamento baseado em ações, deve ser adicionado ao lucro líquido para fins de apuração do lucro real e do resultado ajustado no período de apuração em que o custo ou a despesa forem apropriados. A remuneração dos serviços prestados por empregados ou similares, efetuada por meio de acordo com pagamento baseado em ações, será dedutível somente depois do pagamento, quando liquidados em caixa ou outro ativo, ou depois da transferência da propriedade definitiva das ações ou opções de ações, quando liquidados com instrumentos patrimoniais.","O valor da remuneração dos serviços prestados por empregados ou similares, paga por meio de acordo com pagamento baseado em ações, deve ser adicionado ao lucro líquido para fins de apuração do lucro real e do resultado ajustado no período de apuração em que o custo ou a despesa forem apropriados. A remuneração baseada em ações será dedutível somente depois do pagamento, quando liquidados em caixa ou outro ativo, ou depois da transferência da propriedade definitiva das ações ou opções de ações, quando liquidados com instrumentos patrimoniais."
Qual o valor que deverá ser considerado para fins de exclusão na determinação  do lucro real e do resultado ajustado?,"O valor a ser excluído será: I - o efetivamente pago, quando a liquidação baseada em ação for efetuada em caixa ou outro ativo financeiro; ou II - o reconhecido no patrimônio líquido nos termos da legislação comercial, quando a liquidação for efetuada em instrumentos patrimoniais.","O valor a ser considerado para fins de exclusão na determinação do lucro real e do resultado ajustado é o efetivamente pago, quando a liquidação baseada em ação for efetuada em caixa ou outro ativo financeiro, ou o reconhecido no patrimônio líquido nos termos da legislação comercial, quando a liquidação for efetuada em instrumentos patrimoniais."
Como devem ser feitos os ajustes na determinação do lucro real e do resultado  ajustado no reconhecimento e na reversão da perda estimada do valor de  ativos?,"A perda estimada deverá ser adicionada na Parte A do e-Lalur e do e-Lacs no período de apuração em que for reconhecida, e registrada na Parte B para ser excluída quando da alienação ou baixa do ativo correspondente, ou na reversão contábil.","Na determinação do lucro real e do resultado ajustado, o contribuinte só pode reconhecer os valores contabilizados como redução ao valor recuperável de ativos que não tenham sofrido reversão, no momento da alienação ou baixa do ativo. Se o ativo faz parte de uma unidade geradora de caixa, o valor a ser reconhecido deve ser proporcional ao valor contábil desse ativo em relação ao total da unidade geradora de caixa na data do teste de recuperabilidade. Para a apuração do ganho ou da perda de capital, as perdas estimadas no valor de ativos devem ser deduzidas do valor contábil do bem. A perda estimada deve ser adicionada na parte A do e-Lalur e do e-Lacs no período de apuração em que for reconhecida, e registrada na parte B para ser excluída conforme disposto ou na reversão conforme o art. 130."
Qual o tratamento tributário da reversão contábil da perda estimada no valor  do ativo?,As reversões das perdas por desvalorização de bens que foram objeto de redução ao valor recuperável de ativos não são computadas na apuração do lucro real e do resultado ajustado.,A reversão contábil da perda estimada no valor do ativo não é considerada na determinação do Imposto sobre a Renda das Pessoas Jurídicas (IRPJ) e da Contribuição Social sobre o Lucro Líquido (CSLL).
